url,image,title,text
Elden Ring,2022 - Action,30.14€
Elden Ring Shadow of the Erdtree,2024 - Dlc season pass,26.39€
Elden Ring Xbox Series,2022 - Xbox x series game,25.08€
Elden Ring Shadow of the Erdtree PS5,2024 - Ps5 game,27.42€
Elden Ring Xbox One,2022 - Xbox one game,25.08€
Elden Ring Shadow of the Erdtree Xbox Series,2024 - Xbox x series game,24.94€
Elden Ring Shadow of the Erdtree Xbox One,2024 - Xbox one game,24.94€
Elden Ring PS5,2022 - Ps5 game,45.89€
Elden Ring Steam Account,2022 - Action,23.13€
Elden Ring Shadow of the Erdtree PS4,2024 - Ps4 game,27.42€
Elden Ring PS4,2022 - Ps4 game,45.89€
Elden Ring Runes,2022 - Gamecards,2.27€
Elden Ring PS5 Account,2022 - Ps5 game,33.13€
Elden Ring Xbox One Account,2022 - Xbox one game,29.50€
Elden Ring PS4 Account,2022 - Ps4 game,35.00€
Elden Ring Xbox Series Account,2022 - Xbox x series game,29.50€
Elden Ring Runes PS5,2022 - Ps5 game,2.27€
Elden Ring Runes PS4,2022 - Ps4 game,2.27€
Elden Ring Runes Xbox Series,2022 - Xbox x series game,2.02€
ELDEN RING Shadow of the Erdtree Premium Bundle Xbox Series,2024 - Xbox x series game,36.52€
